"ID","Priority","Type","Recommendation","Evidence","Acceptance","Status"
"F1","P1","Confirmed behavior","Manual refresh through force coordinator; preserve cooldown","TokensLimitsPage.cs:64-67,236-242; UsageRefreshCoordinator.cs:104; probe","Invoke refresh at fresh TTL and during 429; one shared request","Proposed only"
"F2","P1","Confirmed defect","Use actual window labels in overview/Dock","UsageDisplayFormatter.cs:32-59; 30d probe","1h/4h/5h/24h/7d/30d/secondary-only/EN/RU","Proposed only"
"F3","P1","Confirmed defect","Preserve timeout cause and explicit aggregate failure precedence","ConfiguredUsageProvider.cs:228-249; stub probes","Timeout state/backoff; API-only optional-cookie case; cancellation","Proposed only"
"F4","P1","Confirmed source defect","Full CODEX_HOME list for fallback; first home for auth","TokensLimitsExtensionCommandsProvider.cs:505-518","Default composition with two synthetic temporary homes","Proposed only"
"F5","P1","Confirmed source behavior","Make Azure inference validation explicit/manual","UsageProviderEndpoint.cs:64-72","Zero automatic completions; one explicit stub validation request","Decision then implementation"
"S1","P2","Ponytail delete","Delete unused internal UsageRefreshHelpers","UsageRefreshHelpers.cs:1-50; whole-tree search","Build and existing tests; -50 lines","Proposed only"
"S2","P2","Ponytail delete","Delete seven unused version pins","Directory.Packages.props:8-10,12,14,16-17","Locked restore/build; -7 lines; zero removed active deps","Proposed only"
"S3","P2","Ponytail delete","Delete two unread private fields and assignments","CodexLocalSessionFallback.cs:23-24,48-49","Fallback tests; preserve public Limits and constructors; -4 lines","Proposed only"
"S4","P2","Ponytail shrink","Collapse identical placeholder branches","TokensLimitsSettings.cs:269-271","Localization/settings tests; -2 lines","Proposed only"
"U1","P2","UX proposal","Distinct overview error status","UsageOverviewPage.cs:161-165","Each error kind recognized in EN/RU","Proposed only"
"U2","P2","UX proposal","Busy cue and timestamp; exact cooldown deadline","TokensLimitsPage.cs:133-149,223; UsageDockBandItem.cs:117-130","Keep last values; clear busy on completion; one scheduler","Proposed only"
"U3","P2","Native UX proposal","Fill Details and add MoreCommands/shortcut","ShowDetails set; no Details; actions after metrics; local Toolkit API","Keyboard/long list/source sanitization/render signatures","Proposed only"
"U4","P2","Native UX proposal","Settings action and provider setup entry","UsageOverviewPage.cs:144-148; 211 settings","All-disabled setup; host navigation; preserve keys and secrets","Proposed only"
"U5","P2","Formatter contract proposal","Semantic compact summary and estimate on every branch","UsageDisplayFormatter.cs:40-54; synthetic estimate probe","Balance/windows/long metrics/EN/RU/no currency mixing","Proposed only"
"U6","P3","Optional feature","Dock favorites visibility independent of provider enabled","One band built from enabled list","Real usability need; stable IDs; upgrade defaults","Deferred"
"Q1","P2","Documentation","Clarify Git-root versus solution working directory","doc/development.md:14-26,48-52","All documented paths resolve from named cwd","Proposed only"
"Q2","P2","Verification","Test output state and actual commands for F1-F4","Current timeout text checks and force-only cooldown test","Focused offline stub tests; no external API in unit suite","Proposed only"
"Q3","P2","Documentation/product","Provider capabilities/source/scopes matrix","Quota vs balance vs local estimate vs health catalog","Claims reflect supplied values; no invented percentages","Proposed only"
"Q4","P3","Optional feature","Opt-in bounded history/export then alerts if needed","No user scenario confirmed in this audit","Retention/source/estimate/privacy rules and native commands","Deferred"
